{
  "norm_stats": {
    "bridge_robot": {
      "mean": [
        0.0002240339817944914,
        0.00012387082097120583,
        -0.00012671052536461502,
        -0.00014415523037314415,
        -0.0003906393831130117,
        0.0002359383215662092,
        0.5751574635505676
      ],
      "std": [
        0.009768819436430931,
        0.013689304701983929,
        0.012675105594098568,
        0.02845657430589199,
        0.030523546040058136,
        0.07737080007791519,
        0.49150094389915466
      ],
      "q01": [
        -0.028878003358840942,
        -0.04178319871425629,
        -0.026113152503967285,
        -0.08117198944091797,
        -0.09309053421020508,
        -0.20914697647094727,
        -1.000000013351432e-10
      ],
      "q99": [
        0.028194844722747803,
        0.04079562425613403,
        0.040157854557037354,
        0.0807039737701416,
        0.07745134830474854,
        0.2025442123413086,
        0.9997999668121338
      ]
    }
  }
}