{
  "norm_stats": {
    "debug_real_data": {
      "mean": [
        -0.9041923352175025,
        -2.1744084658081198,
        -1.748469890448972,
        -2.3304725377597677,
        -0.9049231275586364,
        -0.10194078057984983,
        0.2152944820979857,
        -0.46560305221205694,
        0.15088175561111158,
        1.5524341841978395,
        0.06722815333281575,
        -0.0628878079455381,
        823.7878294825903,
        823.7878294825903,
        823.7878294825903,
        823.7878294825903,
        911.8939147412951,
        0.0
      ],
      "std": [
        0.5328703126378159,
        0.2653255598951318,
        0.5749254153240009,
        0.4197028890169537,
        0.5324736950621697,
        0.019585979106598796,
        0.3169953224620428,
        0.039385891242223706,
        0.09948261556214207,
        0.0039431567423824365,
        0.003282003270356368,
        0.0035197525244953652,
        273.27014705596594,
        273.27014705596594,
        273.27014705596594,
        273.27014705596594,
        136.63507352798308,
        0.0
      ],
      "q01": [
        -1.6473305073836828,
        -2.6040380121227407,
        -2.3474229435248604,
        -3.0262072620882208,
        -1.6481222409883924,
        -0.14950647194317454,
        -0.15863658497796784,
        -0.5718390344773695,
        0.029999999229447745,
        1.5345977458380675,
        0.05177983541085687,
        -0.06790338065496022,
        399.9999999999,
        399.9999999999,
        399.9999999999,
        399.9999999999,
        699.9999999999,
        0.0
      ],
      "q99": [
        -0.2568141921757128,
        -1.6794171416569128,
        -0.6223064495451174,
        -1.747029395818756,
        -0.25815277252182,
        -0.06612257429828546,
        0.6412034420387179,
        -0.40179730304104067,
        0.2499560000998259,
        1.5586509781942608,
        0.07165853587616824,
        -0.04715393405348707,
        999.8800000001002,
        999.8800000001002,
        999.8800000001002,
        999.8800000001002,
        999.9400000001,
        0.0
      ]
    }
  }
}