{
  "norm_stats": {
    "libero": {
      "mean": [
        0.018202979117631912,
        0.05858345702290535,
        -0.05592387542128563,
        0.004626934416592121,
        0.0028960821218788624,
        -0.00767310056835413,
        -0.09156490862369537
      ],
      "std": [
        0.28251540660858154,
        0.35900813341140747,
        0.3674056828022003,
        0.03770587965846062,
        0.054292552173137665,
        0.08724815398454666,
        0.9957991242408752
      ],
      "q01": [
        -0.6348749995231628,
        -0.7743749618530273,
        -0.7634999752044678,
        -0.09760086238384247,
        -0.14903677999973297,
        -0.2743905186653137,
        -1.0
      ],
      "q99": [
        0.7713750600814819,
        0.8463749885559082,
        0.9371249675750732,
        0.13917870819568634,
        0.15953123569488525,
        0.32450997829437256,
        0.9995999336242676
      ]
    }
  }
}